week,otp_forecast,otp_lower,otp_upper
1,0.8018898065541241,0.7852447670749463,0.818534846033302
2,0.8005484983660971,0.77749899145487,0.8235980052773242
3,0.7973086519296593,0.7692353198042637,0.8253819840550548
4,0.7580723808410709,0.7257515022368625,0.7903932594452793
